<?xml version="1.0" encoding="utf-8"?><document hash="85a1d565cb8462c33ec54f81360342e1" focusedDiagram="2" lastId="53" versionNumber="4.5.3">  <model dbms="PostgreSQL 15" id="1" name="carsharing" notation="0">    <table id="3" name="brands">      <column autoIncrement="false" dataType="9" id="4" length="0" name="id" notNull="true" precision="0" scale="0">      </column>      <column autoIncrement="false" dataType="12" id="5" length="255" name="name" notNull="true" precision="0" scale="0">      </column>      <primaryKey id="6" name="pk_brands">        <column id="4"/>      </primaryKey>    </table>    <table id="15" name="cars">      <column autoIncrement="false" dataType="9" id="16" length="0" name="id" notNull="true" precision="0" scale="0">      </column>      <column autoIncrement="false" dataType="12" id="17" length="100" name="vin_number" notNull="true" precision="0" scale="0">      </column>      <column autoIncrement="false" dataType="12" id="18" length="255" name="reg_number" notNull="true" precision="0" scale="0">      </column>      <column autoIncrement="false" dataType="12" id="19" length="100" name="class" notNull="true" precision="0" scale="0">      </column>      <column autoIncrement="false" dataType="2" id="20" length="0" name="model_id" notNull="true" precision="0" scale="0">      </column>      <column autoIncrement="false" dataType="5" id="45" length="0" name="price" notNull="true" precision="18" scale="2">      </column>      <primaryKey id="21" name="pk_cars">        <column id="16"/>      </primaryKey>      <foreignKey id="23" name="fk_model_id" onDeleteReferentialAction="-1" onUpdateReferentialAction="-1" referencedTable="8" sourceCardinality="1" targetCardinality="3">        <reference column="20" referencedColumn="9"/>      </foreignKey>    </table>    <table id="24" name="customers">      <column autoIncrement="false" dataType="9" id="25" length="0" name="id" notNull="true" precision="0" scale="0">      </column>      <column autoIncrement="false" dataType="12" id="26" length="100" name="name" notNull="true" precision="0" scale="0">      </column>      <column autoIncrement="false" dataType="12" id="27" length="100" name="last_name" notNull="true" precision="0" scale="0">      </column>      <column autoIncrement="false" dataType="12" id="28" length="100" name="patronymic" notNull="false" precision="0" scale="0">      </column>      <column autoIncrement="false" dataType="12" id="29" length="30" name="passport_number" notNull="true" precision="0" scale="0">      </column>      <column autoIncrement="false" dataType="12" id="30" length="100" name="license_number" notNull="true" precision="0" scale="0">      </column>      <column autoIncrement="false" dataType="5" defaultValue="0" id="31" length="0" name="discount" notNull="false" precision="18" scale="2">      </column>      <primaryKey id="32" name="pk_customers">        <column id="25"/>      </primaryKey>    </table>    <table id="8" name="models">      <column autoIncrement="false" dataType="9" id="9" length="0" name="id" notNull="true" precision="0" scale="0">      </column>      <column autoIncrement="false" dataType="12" id="10" length="255" name="name" notNull="true" precision="0" scale="0">      </column>      <column autoIncrement="false" dataType="2" id="11" length="0" name="brand_id" notNull="true" precision="0" scale="0">      </column>      <primaryKey id="12" name="pk_models">        <column id="9"/>      </primaryKey>      <foreignKey id="14" name="fk_brand_id" onDeleteReferentialAction="-1" onUpdateReferentialAction="-1" referencedTable="3" sourceCardinality="1" targetCardinality="3">        <reference column="11" referencedColumn="4"/>      </foreignKey>    </table>    <table id="46" name="order_items">      <column autoIncrement="false" dataType="9" id="47" length="0" name="id" notNull="true" precision="0" scale="0">      </column>      <column autoIncrement="false" dataType="2" id="48" length="0" name="order_id" notNull="true" precision="0" scale="0">      </column>      <column autoIncrement="false" dataType="2" id="49" length="0" name="car_id" notNull="true" precision="0" scale="0">      </column>      <primaryKey id="50" name="pk_order_items">        <column id="47"/>      </primaryKey>      <foreignKey id="53" name="fk_car_id" onDeleteReferentialAction="-1" onUpdateReferentialAction="-1" referencedTable="15" sourceCardinality="1" targetCardinality="3">        <reference column="49" referencedColumn="16"/>      </foreignKey>      <foreignKey id="52" name="fk_order_id" onDeleteReferentialAction="-1" onUpdateReferentialAction="-1" referencedTable="34" sourceCardinality="1" targetCardinality="3">        <reference column="48" referencedColumn="35"/>      </foreignKey>    </table>    <table id="34" name="orders">      <column autoIncrement="false" dataType="9" id="35" length="0" name="id" notNull="true" precision="0" scale="0">      </column>      <column autoIncrement="false" dataType="18" defaultValue="NOW()" id="36" length="0" name="start_time" notNull="true" precision="0" scale="0">      </column>      <column autoIncrement="false" dataType="18" id="37" length="0" name="end_time" notNull="false" precision="0" scale="0">      </column>      <column autoIncrement="false" dataType="2" id="39" length="0" name="customer_id" notNull="true" precision="0" scale="0">      </column>      <column autoIncrement="false" dataType="5" id="40" length="0" name="total_amount" notNull="true" precision="18" scale="2">      </column>      <primaryKey id="41" name="pk_orders">        <column id="35"/>      </primaryKey>      <foreignKey id="44" name="fk_customer_id" onDeleteReferentialAction="-1" onUpdateReferentialAction="-1" referencedTable="24" sourceCardinality="1" targetCardinality="3">        <reference column="39" referencedColumn="25"/>      </foreignKey>    </table>  </model>  <diagram id="2" name="carsharing">    <tableBox id="7" table="3" x="67" y="50">      <style>        <styleProperty className="color" name="tableNamefontColor" value="#585252"/>        <styleProperty className="color" name="fontColor" value="#585252"/>        <styleProperty className="color" name="backgroundColor" value="#ED9C3E"/>      </style>    </tableBox>    <tableBox id="13" table="8" x="247" y="51">      <style>        <styleProperty className="color" name="tableNamefontColor" value="#585252"/>        <styleProperty className="color" name="fontColor" value="#585252"/>        <styleProperty className="color" name="backgroundColor" value="#ED9C3E"/>      </style>    </tableBox>    <tableBox id="22" table="15" x="470" y="51">      <style>        <styleProperty className="color" name="tableNamefontColor" value="#585252"/>        <styleProperty className="color" name="fontColor" value="#585252"/>        <styleProperty className="color" name="backgroundColor" value="#ED9C3E"/>      </style>    </tableBox>    <tableBox id="33" table="24" x="65" y="284">      <style>        <styleProperty className="color" name="tableNamefontColor" value="#585252"/>        <styleProperty className="color" name="fontColor" value="#585252"/>        <styleProperty className="color" name="backgroundColor" value="#ED9C3E"/>      </style>    </tableBox>    <tableBox id="42" table="34" x="448" y="279">      <style>        <styleProperty className="color" name="tableNamefontColor" value="#585252"/>        <styleProperty className="color" name="fontColor" value="#585252"/>        <styleProperty className="color" name="backgroundColor" value="#ED9C3E"/>      </style>    </tableBox>    <tableBox id="51" table="46" x="727" y="200">      <style>        <styleProperty className="color" name="tableNamefontColor" value="#585252"/>        <styleProperty className="color" name="fontColor" value="#585252"/>        <styleProperty className="color" name="backgroundColor" value="#ED9C3E"/>      </style>    </tableBox>  </diagram>  <history currentStepIndex="29" lastId="31">    <modelStep current="false" id="1" label="New model carsharing" objectId="1" operation="new">      <difference>        <oldState>          <object className="null"/>        </oldState>        <newState>          <object className="Object">            <object className="int" name="id"><![CDATA[1]]></object>            <object className="String" name="name"><![CDATA[carsharing]]></object>            <object className="null" name="notes"/>            <object className="String" name="dbms"><![CDATA[PostgreSQL 15]]></object>            <object className="int" name="notation"><![CDATA[0]]></object>          </object>        </newState>      </difference>    </modelStep>    <diagramStep current="false" id="2" label="New diagram carsharing" objectId="2" operation="new">      <difference>        <oldState>          <object className="null"/>        </oldState>        <newState>          <object className="Object">            <object className="int" name="id"><![CDATA[2]]></object>            <object className="Object" name="style">            </object>            <object className="String" name="name"><![CDATA[carsharing]]></object>            <object className="Array" name="diagramItems">            </object>          </object>        </newState>      </difference>    </diagramStep>    <tableStep current="false" id="3" label="New table brands" objectId="3" operation="new">      <difference>        <oldState>          <object className="null"/>        </oldState>        <newState>          <object className="Object">            <object className="int" name="id"><![CDATA[3]]></object>            <object className="String" name="name"><![CDATA[brands]]></object>            <object className="null" name="notes"/>            <object className="Array" name="columns">              <object className="Object">                <object className="int" name="id"><![CDATA[4]]></object>                <object className="String" name="name"><![CDATA[id]]></object>                <object className="null" name="notes"/>                <object className="int" name="dataType"><![CDATA[9]]></object>                <object className="int" name="length"><![CDATA[0]]></object>                <object className="int" name="precision"><![CDATA[0]]></object>                <object className="int" name="scale"><![CDATA[0]]></object>                <object className="null" name="defaultValue"/>                <object className="Boolean" name="notNull"><![CDATA[true]]></object>                <object className="Boolean" name="autoIncrement"><![CDATA[false]]></object>              </object>              <object className="Object">                <object className="int" name="id"><![CDATA[5]]></object>                <object className="String" name="name"><![CDATA[name]]></object>                <object className="null" name="notes"/>                <object className="int" name="dataType"><![CDATA[12]]></object>                <object className="int" name="length"><![CDATA[255]]></object>                <object className="int" name="precision"><![CDATA[0]]></object>                <object className="int" name="scale"><![CDATA[0]]></object>                <object className="null" name="defaultValue"/>                <object className="Boolean" name="notNull"><![CDATA[true]]></object>                <object className="Boolean" name="autoIncrement"><![CDATA[false]]></object>              </object>            </object>            <object className="Object" name="primaryKey">              <object className="int" name="id"><![CDATA[6]]></object>              <object className="String" name="name"><![CDATA[pk_brands]]></object>              <object className="null" name="notes"/>              <object className="Array" name="columns">                <object className="int"><![CDATA[4]]></object>              </object>            </object>            <object className="null" name="foreignKeys"/>            <object className="null" name="indexes"/>          </object>        </newState>      </difference>    </tableStep>    <tableBoxStep current="false" id="4" label="Attach table brands to carsharing" objectId="2" operation="new" tableBoxId="7">      <difference>        <oldState>          <object className="null"/>        </oldState>        <newState>          <object className="Object">            <object className="int" name="id"><![CDATA[7]]></object>            <object className="Object" name="style">              <object className="int" name="tableNamefontColor"><![CDATA[5788242]]></object>              <object className="int" name="fontColor"><![CDATA[5788242]]></object>              <object className="int" name="backgroundColor"><![CDATA[15572030]]></object>            </object>            <object className="int" name="x"><![CDATA[67]]></object>            <object className="int" name="y"><![CDATA[50]]></object>            <object className="int" name="table"><![CDATA[3]]></object>          </object>        </newState>      </difference>    </tableBoxStep>    <tableStep current="false" id="5" label="New table models" objectId="8" operation="new">      <difference>        <oldState>          <object className="null"/>        </oldState>        <newState>          <object className="Object">            <object className="int" name="id"><![CDATA[8]]></object>            <object className="String" name="name"><![CDATA[models]]></object>            <object className="null" name="notes"/>            <object className="Array" name="columns">              <object className="Object">                <object className="int" name="id"><![CDATA[9]]></object>                <object className="String" name="name"><![CDATA[id]]></object>                <object className="null" name="notes"/>                <object className="int" name="dataType"><![CDATA[9]]></object>                <object className="int" name="length"><![CDATA[0]]></object>                <object className="int" name="precision"><![CDATA[0]]></object>                <object className="int" name="scale"><![CDATA[0]]></object>                <object className="null" name="defaultValue"/>                <object className="Boolean" name="notNull"><![CDATA[true]]></object>                <object className="Boolean" name="autoIncrement"><![CDATA[false]]></object>              </object>              <object className="Object">                <object className="int" name="id"><![CDATA[10]]></object>                <object className="String" name="name"><![CDATA[name]]></object>                <object className="null" name="notes"/>                <object className="int" name="dataType"><![CDATA[12]]></object>                <object className="int" name="length"><![CDATA[255]]></object>                <object className="int" name="precision"><![CDATA[0]]></object>                <object className="int" name="scale"><![CDATA[0]]></object>                <object className="null" name="defaultValue"/>                <object className="Boolean" name="notNull"><![CDATA[true]]></object>                <object className="Boolean" name="autoIncrement"><![CDATA[false]]></object>              </object>              <object className="Object">                <object className="int" name="id"><![CDATA[11]]></object>                <object className="String" name="name"><![CDATA[brand_id]]></object>                <object className="null" name="notes"/>                <object className="int" name="dataType"><![CDATA[2]]></object>                <object className="int" name="length"><![CDATA[0]]></object>                <object className="int" name="precision"><![CDATA[0]]></object>                <object className="int" name="scale"><![CDATA[0]]></object>                <object className="null" name="defaultValue"/>                <object className="Boolean" name="notNull"><![CDATA[true]]></object>                <object className="Boolean" name="autoIncrement"><![CDATA[false]]></object>              </object>            </object>            <object className="Object" name="primaryKey">              <object className="int" name="id"><![CDATA[12]]></object>              <object className="String" name="name"><![CDATA[pk_models]]></object>              <object className="null" name="notes"/>              <object className="Array" name="columns">                <object className="int"><![CDATA[9]]></object>              </object>            </object>            <object className="null" name="foreignKeys"/>            <object className="null" name="indexes"/>          </object>        </newState>      </difference>    </tableStep>    <tableBoxStep current="false" id="6" label="Attach table models to carsharing" objectId="2" operation="new" tableBoxId="13">      <difference>        <oldState>          <object className="null"/>        </oldState>        <newState>          <object className="Object">            <object className="int" name="id"><![CDATA[13]]></object>            <object className="Object" name="style">              <object className="int" name="tableNamefontColor"><![CDATA[5788242]]></object>              <object className="int" name="fontColor"><![CDATA[5788242]]></object>              <object className="int" name="backgroundColor"><![CDATA[15572030]]></object>            </object>            <object className="int" name="x"><![CDATA[321]]></object>            <object className="int" name="y"><![CDATA[56]]></object>            <object className="int" name="table"><![CDATA[8]]></object>          </object>        </newState>      </difference>    </tableBoxStep>    <foreignKeyStep current="false" foreignKeyId="14" id="7" label="New foreign key fk_brand_id of models" objectId="8" operation="new">      <difference>        <oldState>          <object className="null"/>        </oldState>        <newState>          <object className="Object">            <object className="int" name="id"><![CDATA[14]]></object>            <object className="String" name="name"><![CDATA[fk_brand_id]]></object>            <object className="null" name="notes"/>            <object className="int" name="sourceCardinality"><![CDATA[1]]></object>            <object className="int" name="targetCardinality"><![CDATA[3]]></object>            <object className="int" name="referencedTable"><![CDATA[3]]></object>            <object className="int" name="onUpdateReferentialAction"><![CDATA[-1]]></object>            <object className="int" name="onDeleteReferentialAction"><![CDATA[-1]]></object>            <object className="Array" name="references">              <object className="Object">                <object className="int" name="column"><![CDATA[11]]></object>                <object className="int" name="referencedColumn"><![CDATA[4]]></object>              </object>            </object>          </object>        </newState>      </difference>    </foreignKeyStep>    <tableBoxStep current="false" id="8" label="Move box of table models of carsharing" objectId="2" operation="move" tableBoxId="13">      <difference>        <oldState>          <object className="Object">            <object className="int" name="x"><![CDATA[321]]></object>            <object className="int" name="y"><![CDATA[56]]></object>          </object>        </oldState>        <newState>          <object className="Object">            <object className="int" name="x"><![CDATA[247]]></object>            <object className="int" name="y"><![CDATA[51]]></object>          </object>        </newState>      </difference>    </tableBoxStep>    <tableStep current="false" id="9" label="New table cars" objectId="15" operation="new">      <difference>        <oldState>          <object className="null"/>        </oldState>        <newState>          <object className="Object">            <object className="int" name="id"><![CDATA[15]]></object>            <object className="String" name="name"><![CDATA[cars]]></object>            <object className="null" name="notes"/>            <object className="Array" name="columns">              <object className="Object">                <object className="int" name="id"><![CDATA[16]]></object>                <object className="String" name="name"><![CDATA[id]]></object>                <object className="null" name="notes"/>                <object className="int" name="dataType"><![CDATA[9]]></object>                <object className="int" name="length"><![CDATA[0]]></object>                <object className="int" name="precision"><![CDATA[0]]></object>                <object className="int" name="scale"><![CDATA[0]]></object>                <object className="null" name="defaultValue"/>                <object className="Boolean" name="notNull"><![CDATA[true]]></object>                <object className="Boolean" name="autoIncrement"><![CDATA[false]]></object>              </object>              <object className="Object">                <object className="int" name="id"><![CDATA[17]]></object>                <object className="String" name="name"><![CDATA[vin_number]]></object>                <object className="null" name="notes"/>                <object className="int" name="dataType"><![CDATA[12]]></object>                <object className="int" name="length"><![CDATA[100]]></object>                <object className="int" name="precision"><![CDATA[0]]></object>                <object className="int" name="scale"><![CDATA[0]]></object>                <object className="null" name="defaultValue"/>                <object className="Boolean" name="notNull"><![CDATA[true]]></object>                <object className="Boolean" name="autoIncrement"><![CDATA[false]]></object>              </object>              <object className="Object">                <object className="int" name="id"><![CDATA[18]]></object>                <object className="String" name="name"><![CDATA[reg_number]]></object>                <object className="null" name="notes"/>                <object className="int" name="dataType"><![CDATA[12]]></object>                <object className="int" name="length"><![CDATA[255]]></object>                <object className="int" name="precision"><![CDATA[0]]></object>                <object className="int" name="scale"><![CDATA[0]]></object>                <object className="null" name="defaultValue"/>                <object className="Boolean" name="notNull"><![CDATA[true]]></object>                <object className="Boolean" name="autoIncrement"><![CDATA[false]]></object>              </object>              <object className="Object">                <object className="int" name="id"><![CDATA[19]]></object>                <object className="String" name="name"><![CDATA[class]]></object>                <object className="null" name="notes"/>                <object className="int" name="dataType"><![CDATA[12]]></object>                <object className="int" name="length"><![CDATA[100]]></object>                <object className="int" name="precision"><![CDATA[0]]></object>                <object className="int" name="scale"><![CDATA[0]]></object>                <object className="null" name="defaultValue"/>                <object className="Boolean" name="notNull"><![CDATA[true]]></object>                <object className="Boolean" name="autoIncrement"><![CDATA[false]]></object>              </object>              <object className="Object">                <object className="int" name="id"><![CDATA[20]]></object>                <object className="String" name="name"><![CDATA[model_id]]></object>                <object className="null" name="notes"/>                <object className="int" name="dataType"><![CDATA[2]]></object>                <object className="int" name="length"><![CDATA[0]]></object>                <object className="int" name="precision"><![CDATA[0]]></object>                <object className="int" name="scale"><![CDATA[0]]></object>                <object className="null" name="defaultValue"/>                <object className="Boolean" name="notNull"><![CDATA[true]]></object>                <object className="Boolean" name="autoIncrement"><![CDATA[false]]></object>              </object>            </object>            <object className="Object" name="primaryKey">              <object className="int" name="id"><![CDATA[21]]></object>              <object className="String" name="name"><![CDATA[pk_cars]]></object>              <object className="null" name="notes"/>              <object className="Array" name="columns">                <object className="int"><![CDATA[16]]></object>              </object>            </object>            <object className="null" name="foreignKeys"/>            <object className="null" name="indexes"/>          </object>        </newState>      </difference>    </tableStep>    <tableBoxStep current="false" id="10" label="Attach table cars to carsharing" objectId="2" operation="new" tableBoxId="22">      <difference>        <oldState>          <object className="null"/>        </oldState>        <newState>          <object className="Object">            <object className="int" name="id"><![CDATA[22]]></object>            <object className="Object" name="style">              <object className="int" name="tableNamefontColor"><![CDATA[5788242]]></object>              <object className="int" name="fontColor"><![CDATA[5788242]]></object>              <object className="int" name="backgroundColor"><![CDATA[15572030]]></object>            </object>            <object className="int" name="x"><![CDATA[470]]></object>            <object className="int" name="y"><![CDATA[51]]></object>            <object className="int" name="table"><![CDATA[15]]></object>          </object>        </newState>      </difference>    </tableBoxStep>    <foreignKeyStep current="false" foreignKeyId="23" id="11" label="New foreign key fk_model_id of cars" objectId="15" operation="new">      <difference>        <oldState>          <object className="null"/>        </oldState>        <newState>          <object className="Object">            <object className="int" name="id"><![CDATA[23]]></object>            <object className="String" name="name"><![CDATA[fk_model_id]]></object>            <object className="null" name="notes"/>            <object className="int" name="sourceCardinality"><![CDATA[1]]></object>            <object className="int" name="targetCardinality"><![CDATA[3]]></object>            <object className="int" name="referencedTable"><![CDATA[8]]></object>            <object className="int" name="onUpdateReferentialAction"><![CDATA[-1]]></object>            <object className="int" name="onDeleteReferentialAction"><![CDATA[-1]]></object>            <object className="Array" name="references">              <object className="Object">                <object className="int" name="column"><![CDATA[20]]></object>                <object className="int" name="referencedColumn"><![CDATA[9]]></object>              </object>            </object>          </object>        </newState>      </difference>    </foreignKeyStep>    <tableStep current="false" id="12" label="New table customers" objectId="24" operation="new">      <difference>        <oldState>          <object className="null"/>        </oldState>        <newState>          <object className="Object">            <object className="int" name="id"><![CDATA[24]]></object>            <object className="String" name="name"><![CDATA[customers]]></object>            <object className="null" name="notes"/>            <object className="Array" name="columns">              <object className="Object">                <object className="int" name="id"><![CDATA[25]]></object>                <object className="String" name="name"><![CDATA[id]]></object>                <object className="null" name="notes"/>                <object className="int" name="dataType"><![CDATA[9]]></object>                <object className="int" name="length"><![CDATA[0]]></object>                <object className="int" name="precision"><![CDATA[0]]></object>                <object className="int" name="scale"><![CDATA[0]]></object>                <object className="null" name="defaultValue"/>                <object className="Boolean" name="notNull"><![CDATA[true]]></object>                <object className="Boolean" name="autoIncrement"><![CDATA[false]]></object>              </object>              <object className="Object">                <object className="int" name="id"><![CDATA[26]]></object>                <object className="String" name="name"><![CDATA[name]]></object>                <object className="null" name="notes"/>                <object className="int" name="dataType"><![CDATA[12]]></object>                <object className="int" name="length"><![CDATA[100]]></object>                <object className="int" name="precision"><![CDATA[0]]></object>                <object className="int" name="scale"><![CDATA[0]]></object>                <object className="null" name="defaultValue"/>                <object className="Boolean" name="notNull"><![CDATA[true]]></object>                <object className="Boolean" name="autoIncrement"><![CDATA[false]]></object>              </object>              <object className="Object">                <object className="int" name="id"><![CDATA[27]]></object>                <object className="String" name="name"><![CDATA[last_name]]></object>                <object className="null" name="notes"/>                <object className="int" name="dataType"><![CDATA[12]]></object>                <object className="int" name="length"><![CDATA[100]]></object>                <object className="int" name="precision"><![CDATA[0]]></object>                <object className="int" name="scale"><![CDATA[0]]></object>                <object className="null" name="defaultValue"/>                <object className="Boolean" name="notNull"><![CDATA[true]]></object>                <object className="Boolean" name="autoIncrement"><![CDATA[false]]></object>              </object>              <object className="Object">                <object className="int" name="id"><![CDATA[28]]></object>                <object className="String" name="name"><![CDATA[patronymic]]></object>                <object className="null" name="notes"/>                <object className="int" name="dataType"><![CDATA[12]]></object>                <object className="int" name="length"><![CDATA[100]]></object>                <object className="int" name="precision"><![CDATA[0]]></object>                <object className="int" name="scale"><![CDATA[0]]></object>                <object className="null" name="defaultValue"/>                <object className="Boolean" name="notNull"><![CDATA[false]]></object>                <object className="Boolean" name="autoIncrement"><![CDATA[false]]></object>              </object>              <object className="Object">                <object className="int" name="id"><![CDATA[29]]></object>                <object className="String" name="name"><![CDATA[passport_number]]></object>                <object className="null" name="notes"/>                <object className="int" name="dataType"><![CDATA[12]]></object>                <object className="int" name="length"><![CDATA[30]]></object>                <object className="int" name="precision"><![CDATA[0]]></object>                <object className="int" name="scale"><![CDATA[0]]></object>                <object className="null" name="defaultValue"/>                <object className="Boolean" name="notNull"><![CDATA[true]]></object>                <object className="Boolean" name="autoIncrement"><![CDATA[false]]></object>              </object>              <object className="Object">                <object className="int" name="id"><![CDATA[30]]></object>                <object className="String" name="name"><![CDATA[license_number]]></object>                <object className="null" name="notes"/>                <object className="int" name="dataType"><![CDATA[12]]></object>                <object className="int" name="length"><![CDATA[100]]></object>                <object className="int" name="precision"><![CDATA[0]]></object>                <object className="int" name="scale"><![CDATA[0]]></object>                <object className="null" name="defaultValue"/>                <object className="Boolean" name="notNull"><![CDATA[true]]></object>                <object className="Boolean" name="autoIncrement"><![CDATA[false]]></object>              </object>              <object className="Object">                <object className="int" name="id"><![CDATA[31]]></object>                <object className="String" name="name"><![CDATA[discount]]></object>                <object className="null" name="notes"/>                <object className="int" name="dataType"><![CDATA[5]]></object>                <object className="int" name="length"><![CDATA[0]]></object>                <object className="int" name="precision"><![CDATA[18]]></object>                <object className="int" name="scale"><![CDATA[2]]></object>                <object className="String" name="defaultValue"><![CDATA[0]]></object>                <object className="Boolean" name="notNull"><![CDATA[false]]></object>                <object className="Boolean" name="autoIncrement"><![CDATA[false]]></object>              </object>            </object>            <object className="Object" name="primaryKey">              <object className="int" name="id"><![CDATA[32]]></object>              <object className="String" name="name"><![CDATA[pk_customers]]></object>              <object className="null" name="notes"/>              <object className="Array" name="columns">                <object className="int"><![CDATA[25]]></object>              </object>            </object>            <object className="null" name="foreignKeys"/>            <object className="null" name="indexes"/>          </object>        </newState>      </difference>    </tableStep>    <tableBoxStep current="false" id="13" label="Attach table customers to carsharing" objectId="2" operation="new" tableBoxId="33">      <difference>        <oldState>          <object className="null"/>        </oldState>        <newState>          <object className="Object">            <object className="int" name="id"><![CDATA[33]]></object>            <object className="Object" name="style">              <object className="int" name="tableNamefontColor"><![CDATA[5788242]]></object>              <object className="int" name="fontColor"><![CDATA[5788242]]></object>              <object className="int" name="backgroundColor"><![CDATA[15572030]]></object>            </object>            <object className="int" name="x"><![CDATA[258]]></object>            <object className="int" name="y"><![CDATA[282]]></object>            <object className="int" name="table"><![CDATA[24]]></object>          </object>        </newState>      </difference>    </tableBoxStep>    <tableBoxStep current="false" id="14" label="Move box of table customers of carsharing" objectId="2" operation="move" tableBoxId="33">      <difference>        <oldState>          <object className="Object">            <object className="int" name="x"><![CDATA[258]]></object>            <object className="int" name="y"><![CDATA[282]]></object>          </object>        </oldState>        <newState>          <object className="Object">            <object className="int" name="x"><![CDATA[65]]></object>            <object className="int" name="y"><![CDATA[284]]></object>          </object>        </newState>      </difference>    </tableBoxStep>    <tableStep current="false" id="15" label="New table orders" objectId="34" operation="new">      <difference>        <oldState>          <object className="null"/>        </oldState>        <newState>          <object className="Object">            <object className="int" name="id"><![CDATA[34]]></object>            <object className="String" name="name"><![CDATA[orders]]></object>            <object className="null" name="notes"/>            <object className="Array" name="columns">              <object className="Object">                <object className="int" name="id"><![CDATA[35]]></object>                <object className="String" name="name"><![CDATA[id]]></object>                <object className="null" name="notes"/>                <object className="int" name="dataType"><![CDATA[9]]></object>                <object className="int" name="length"><![CDATA[0]]></object>                <object className="int" name="precision"><![CDATA[0]]></object>                <object className="int" name="scale"><![CDATA[0]]></object>                <object className="null" name="defaultValue"/>                <object className="Boolean" name="notNull"><![CDATA[true]]></object>                <object className="Boolean" name="autoIncrement"><![CDATA[false]]></object>              </object>              <object className="Object">                <object className="int" name="id"><![CDATA[36]]></object>                <object className="String" name="name"><![CDATA[start_time]]></object>                <object className="null" name="notes"/>                <object className="int" name="dataType"><![CDATA[18]]></object>                <object className="int" name="length"><![CDATA[0]]></object>                <object className="int" name="precision"><![CDATA[0]]></object>                <object className="int" name="scale"><![CDATA[0]]></object>                <object className="String" name="defaultValue"><![CDATA[NOW()]]></object>                <object className="Boolean" name="notNull"><![CDATA[true]]></object>                <object className="Boolean" name="autoIncrement"><![CDATA[false]]></object>              </object>              <object className="Object">                <object className="int" name="id"><![CDATA[37]]></object>                <object className="String" name="name"><![CDATA[end_time]]></object>                <object className="null" name="notes"/>                <object className="int" name="dataType"><![CDATA[18]]></object>                <object className="int" name="length"><![CDATA[0]]></object>                <object className="int" name="precision"><![CDATA[0]]></object>                <object className="int" name="scale"><![CDATA[0]]></object>                <object className="null" name="defaultValue"/>                <object className="Boolean" name="notNull"><![CDATA[false]]></object>                <object className="Boolean" name="autoIncrement"><![CDATA[false]]></object>              </object>              <object className="Object">                <object className="int" name="id"><![CDATA[38]]></object>                <object className="String" name="name"><![CDATA[car_id]]></object>                <object className="null" name="notes"/>                <object className="int" name="dataType"><![CDATA[2]]></object>                <object className="int" name="length"><![CDATA[0]]></object>                <object className="int" name="precision"><![CDATA[0]]></object>                <object className="int" name="scale"><![CDATA[0]]></object>                <object className="null" name="defaultValue"/>                <object className="Boolean" name="notNull"><![CDATA[true]]></object>                <object className="Boolean" name="autoIncrement"><![CDATA[false]]></object>              </object>              <object className="Object">                <object className="int" name="id"><![CDATA[39]]></object>                <object className="String" name="name"><![CDATA[customer_id]]></object>                <object className="null" name="notes"/>                <object className="int" name="dataType"><![CDATA[2]]></object>                <object className="int" name="length"><![CDATA[0]]></object>                <object className="int" name="precision"><![CDATA[0]]></object>                <object className="int" name="scale"><![CDATA[0]]></object>                <object className="null" name="defaultValue"/>                <object className="Boolean" name="notNull"><![CDATA[true]]></object>                <object className="Boolean" name="autoIncrement"><![CDATA[false]]></object>              </object>              <object className="Object">                <object className="int" name="id"><![CDATA[40]]></object>                <object className="String" name="name"><![CDATA[price]]></object>                <object className="null" name="notes"/>                <object className="int" name="dataType"><![CDATA[5]]></object>                <object className="int" name="length"><![CDATA[0]]></object>                <object className="int" name="precision"><![CDATA[18]]></object>                <object className="int" name="scale"><![CDATA[2]]></object>                <object className="null" name="defaultValue"/>                <object className="Boolean" name="notNull"><![CDATA[true]]></object>                <object className="Boolean" name="autoIncrement"><![CDATA[false]]></object>              </object>            </object>            <object className="Object" name="primaryKey">              <object className="int" name="id"><![CDATA[41]]></object>              <object className="String" name="name"><![CDATA[pk_orders]]></object>              <object className="null" name="notes"/>              <object className="Array" name="columns">                <object className="int"><![CDATA[35]]></object>              </object>            </object>            <object className="null" name="foreignKeys"/>            <object className="null" name="indexes"/>          </object>        </newState>      </difference>    </tableStep>    <tableBoxStep current="false" id="16" label="Attach table orders to carsharing" objectId="2" operation="new" tableBoxId="42">      <difference>        <oldState>          <object className="null"/>        </oldState>        <newState>          <object className="Object">            <object className="int" name="id"><![CDATA[42]]></object>            <object className="Object" name="style">              <object className="int" name="tableNamefontColor"><![CDATA[5788242]]></object>              <object className="int" name="fontColor"><![CDATA[5788242]]></object>              <object className="int" name="backgroundColor"><![CDATA[15572030]]></object>            </object>            <object className="int" name="x"><![CDATA[418]]></object>            <object className="int" name="y"><![CDATA[289]]></object>            <object className="int" name="table"><![CDATA[34]]></object>          </object>        </newState>      </difference>    </tableBoxStep>    <foreignKeyStep current="false" foreignKeyId="43" id="17" label="New foreign key fk_car_id of orders" objectId="34" operation="new">      <difference>        <oldState>          <object className="null"/>        </oldState>        <newState>          <object className="Object">            <object className="int" name="id"><![CDATA[43]]></object>            <object className="String" name="name"><![CDATA[fk_car_id]]></object>            <object className="null" name="notes"/>            <object className="int" name="sourceCardinality"><![CDATA[1]]></object>            <object className="int" name="targetCardinality"><![CDATA[3]]></object>            <object className="int" name="referencedTable"><![CDATA[15]]></object>            <object className="int" name="onUpdateReferentialAction"><![CDATA[-1]]></object>            <object className="int" name="onDeleteReferentialAction"><![CDATA[-1]]></object>            <object className="Array" name="references">              <object className="Object">                <object className="int" name="column"><![CDATA[38]]></object>                <object className="int" name="referencedColumn"><![CDATA[16]]></object>              </object>            </object>          </object>        </newState>      </difference>    </foreignKeyStep>    <tableBoxStep current="false" id="18" label="Move box of table orders of carsharing" objectId="2" operation="move" tableBoxId="42">      <difference>        <oldState>          <object className="Object">            <object className="int" name="x"><![CDATA[418]]></object>            <object className="int" name="y"><![CDATA[289]]></object>          </object>        </oldState>        <newState>          <object className="Object">            <object className="int" name="x"><![CDATA[448]]></object>            <object className="int" name="y"><![CDATA[279]]></object>          </object>        </newState>      </difference>    </tableBoxStep>    <foreignKeyStep current="false" foreignKeyId="44" id="19" label="New foreign key fk_customer_id of orders" objectId="34" operation="new">      <difference>        <oldState>          <object className="null"/>        </oldState>        <newState>          <object className="Object">            <object className="int" name="id"><![CDATA[44]]></object>            <object className="String" name="name"><![CDATA[fk_customer_id]]></object>            <object className="null" name="notes"/>            <object className="int" name="sourceCardinality"><![CDATA[1]]></object>            <object className="int" name="targetCardinality"><![CDATA[3]]></object>            <object className="int" name="referencedTable"><![CDATA[24]]></object>            <object className="int" name="onUpdateReferentialAction"><![CDATA[-1]]></object>            <object className="int" name="onDeleteReferentialAction"><![CDATA[-1]]></object>            <object className="Array" name="references">              <object className="Object">                <object className="int" name="column"><![CDATA[39]]></object>                <object className="int" name="referencedColumn"><![CDATA[25]]></object>              </object>            </object>          </object>        </newState>      </difference>    </foreignKeyStep>    <columnStep columnId="45" current="false" id="20" label="New column price of cars" objectId="15" operation="new">      <difference>        <oldState>          <object className="null"/>        </oldState>        <newState>          <object className="Object">            <object className="int" name="id"><![CDATA[45]]></object>            <object className="String" name="name"><![CDATA[price]]></object>            <object className="null" name="notes"/>            <object className="int" name="dataType"><![CDATA[5]]></object>            <object className="int" name="length"><![CDATA[0]]></object>            <object className="int" name="precision"><![CDATA[18]]></object>            <object className="int" name="scale"><![CDATA[2]]></object>            <object className="null" name="defaultValue"/>            <object className="Boolean" name="notNull"><![CDATA[false]]></object>            <object className="Boolean" name="autoIncrement"><![CDATA[false]]></object>          </object>        </newState>      </difference>    </columnStep>    <columnStep columnId="45" current="false" id="21" label="Modify column price of cars" objectId="15" operation="modify">      <difference>        <oldState>          <object className="Object">            <object className="Boolean" name="notNull"><![CDATA[false]]></object>          </object>        </oldState>        <newState>          <object className="Object">            <object className="Boolean" name="notNull"><![CDATA[true]]></object>          </object>        </newState>      </difference>    </columnStep>    <foreignKeyStep current="false" foreignKeyId="43" id="22" label="Delete foreign key fk_car_id of orders" objectId="34" operation="delete">      <difference>        <oldState>          <object className="Object">            <object className="int" name="id"><![CDATA[43]]></object>            <object className="String" name="name"><![CDATA[fk_car_id]]></object>            <object className="null" name="notes"/>            <object className="int" name="sourceCardinality"><![CDATA[1]]></object>            <object className="int" name="targetCardinality"><![CDATA[3]]></object>            <object className="int" name="referencedTable"><![CDATA[15]]></object>            <object className="int" name="onUpdateReferentialAction"><![CDATA[-1]]></object>            <object className="int" name="onDeleteReferentialAction"><![CDATA[-1]]></object>            <object className="Array" name="references">              <object className="Object">                <object className="int" name="column"><![CDATA[38]]></object>                <object className="int" name="referencedColumn"><![CDATA[16]]></object>              </object>            </object>          </object>        </oldState>        <newState>          <object className="null"/>        </newState>      </difference>    </foreignKeyStep>    <columnStep columnId="38" current="false" id="23" label="Delete column car_id of orders" objectId="34" operation="delete">      <difference>        <oldState>          <object className="Object">            <object className="int" name="id"><![CDATA[38]]></object>            <object className="String" name="name"><![CDATA[car_id]]></object>            <object className="null" name="notes"/>            <object className="int" name="dataType"><![CDATA[2]]></object>            <object className="int" name="length"><![CDATA[0]]></object>            <object className="int" name="precision"><![CDATA[0]]></object>            <object className="int" name="scale"><![CDATA[0]]></object>            <object className="null" name="defaultValue"/>            <object className="Boolean" name="notNull"><![CDATA[true]]></object>            <object className="Boolean" name="autoIncrement"><![CDATA[false]]></object>          </object>        </oldState>        <newState>          <object className="null"/>        </newState>      </difference>      <preSteps>        <tableStep current="false" id="24" label="Modify table orders" objectId="34" operation="modify">          <difference>            <oldState>              <object className="Object">                <object className="String" name="columnListOrder"><![CDATA[35,36,37,38,39,40]]></object>              </object>            </oldState>            <newState>              <object className="Object">                <object className="String" name="columnListOrder"><![CDATA[35,36,37,39,40,38]]></object>              </object>            </newState>          </difference>        </tableStep>      </preSteps>    </columnStep>    <columnStep columnId="40" current="false" id="25" label="Modify column total_amount of orders" objectId="34" operation="modify">      <difference>        <oldState>          <object className="Object">            <object className="String" name="name"><![CDATA[price]]></object>          </object>        </oldState>        <newState>          <object className="Object">            <object className="String" name="name"><![CDATA[total_amount]]></object>          </object>        </newState>      </difference>    </columnStep>    <tableStep current="false" id="26" label="New table order_items" objectId="46" operation="new">      <difference>        <oldState>          <object className="null"/>        </oldState>        <newState>          <object className="Object">            <object className="int" name="id"><![CDATA[46]]></object>            <object className="String" name="name"><![CDATA[order_items]]></object>            <object className="null" name="notes"/>            <object className="Array" name="columns">              <object className="Object">                <object className="int" name="id"><![CDATA[47]]></object>                <object className="String" name="name"><![CDATA[id]]></object>                <object className="null" name="notes"/>                <object className="int" name="dataType"><![CDATA[9]]></object>                <object className="int" name="length"><![CDATA[0]]></object>                <object className="int" name="precision"><![CDATA[0]]></object>                <object className="int" name="scale"><![CDATA[0]]></object>                <object className="null" name="defaultValue"/>                <object className="Boolean" name="notNull"><![CDATA[true]]></object>                <object className="Boolean" name="autoIncrement"><![CDATA[false]]></object>              </object>              <object className="Object">                <object className="int" name="id"><![CDATA[48]]></object>                <object className="String" name="name"><![CDATA[order_id]]></object>                <object className="null" name="notes"/>                <object className="int" name="dataType"><![CDATA[2]]></object>                <object className="int" name="length"><![CDATA[0]]></object>                <object className="int" name="precision"><![CDATA[0]]></object>                <object className="int" name="scale"><![CDATA[0]]></object>                <object className="null" name="defaultValue"/>                <object className="Boolean" name="notNull"><![CDATA[true]]></object>                <object className="Boolean" name="autoIncrement"><![CDATA[false]]></object>              </object>              <object className="Object">                <object className="int" name="id"><![CDATA[49]]></object>                <object className="String" name="name"><![CDATA[car_id]]></object>                <object className="null" name="notes"/>                <object className="int" name="dataType"><![CDATA[2]]></object>                <object className="int" name="length"><![CDATA[0]]></object>                <object className="int" name="precision"><![CDATA[0]]></object>                <object className="int" name="scale"><![CDATA[0]]></object>                <object className="null" name="defaultValue"/>                <object className="Boolean" name="notNull"><![CDATA[true]]></object>                <object className="Boolean" name="autoIncrement"><![CDATA[false]]></object>              </object>            </object>            <object className="Object" name="primaryKey">              <object className="int" name="id"><![CDATA[50]]></object>              <object className="String" name="name"><![CDATA[pk_order_items]]></object>              <object className="null" name="notes"/>              <object className="Array" name="columns">                <object className="int"><![CDATA[47]]></object>              </object>            </object>            <object className="null" name="foreignKeys"/>            <object className="null" name="indexes"/>          </object>        </newState>      </difference>    </tableStep>    <tableBoxStep current="false" id="27" label="Attach table order_items to carsharing" objectId="2" operation="new" tableBoxId="51">      <difference>        <oldState>          <object className="null"/>        </oldState>        <newState>          <object className="Object">            <object className="int" name="id"><![CDATA[51]]></object>            <object className="Object" name="style">              <object className="int" name="tableNamefontColor"><![CDATA[5788242]]></object>              <object className="int" name="fontColor"><![CDATA[5788242]]></object>              <object className="int" name="backgroundColor"><![CDATA[15572030]]></object>            </object>            <object className="int" name="x"><![CDATA[752]]></object>            <object className="int" name="y"><![CDATA[298]]></object>            <object className="int" name="table"><![CDATA[46]]></object>          </object>        </newState>      </difference>    </tableBoxStep>    <tableBoxStep current="false" id="28" label="Move box of table order_items of carsharing" objectId="2" operation="move" tableBoxId="51">      <difference>        <oldState>          <object className="Object">            <object className="int" name="y"><![CDATA[298]]></object>          </object>        </oldState>        <newState>          <object className="Object">            <object className="int" name="y"><![CDATA[277]]></object>          </object>        </newState>      </difference>    </tableBoxStep>    <foreignKeyStep current="false" foreignKeyId="52" id="29" label="New foreign key fk_order_id of order_items" objectId="46" operation="new">      <difference>        <oldState>          <object className="null"/>        </oldState>        <newState>          <object className="Object">            <object className="int" name="id"><![CDATA[52]]></object>            <object className="String" name="name"><![CDATA[fk_order_id]]></object>            <object className="null" name="notes"/>            <object className="int" name="sourceCardinality"><![CDATA[1]]></object>            <object className="int" name="targetCardinality"><![CDATA[3]]></object>            <object className="int" name="referencedTable"><![CDATA[34]]></object>            <object className="int" name="onUpdateReferentialAction"><![CDATA[-1]]></object>            <object className="int" name="onDeleteReferentialAction"><![CDATA[-1]]></object>            <object className="Array" name="references">              <object className="Object">                <object className="int" name="column"><![CDATA[48]]></object>                <object className="int" name="referencedColumn"><![CDATA[35]]></object>              </object>            </object>          </object>        </newState>      </difference>    </foreignKeyStep>    <foreignKeyStep current="false" foreignKeyId="53" id="30" label="New foreign key fk_car_id of order_items" objectId="46" operation="new">      <difference>        <oldState>          <object className="null"/>        </oldState>        <newState>          <object className="Object">            <object className="int" name="id"><![CDATA[53]]></object>            <object className="String" name="name"><![CDATA[fk_car_id]]></object>            <object className="null" name="notes"/>            <object className="int" name="sourceCardinality"><![CDATA[1]]></object>            <object className="int" name="targetCardinality"><![CDATA[3]]></object>            <object className="int" name="referencedTable"><![CDATA[15]]></object>            <object className="int" name="onUpdateReferentialAction"><![CDATA[-1]]></object>            <object className="int" name="onDeleteReferentialAction"><![CDATA[-1]]></object>            <object className="Array" name="references">              <object className="Object">                <object className="int" name="column"><![CDATA[49]]></object>                <object className="int" name="referencedColumn"><![CDATA[16]]></object>              </object>            </object>          </object>        </newState>      </difference>    </foreignKeyStep>    <tableBoxStep current="true" id="31" label="Move box of table order_items of carsharing" objectId="2" operation="move" tableBoxId="51">      <difference>        <oldState>          <object className="Object">            <object className="int" name="x"><![CDATA[752]]></object>            <object className="int" name="y"><![CDATA[277]]></object>          </object>        </oldState>        <newState>          <object className="Object">            <object className="int" name="x"><![CDATA[727]]></object>            <object className="int" name="y"><![CDATA[200]]></object>          </object>        </newState>      </difference>    </tableBoxStep>  </history></document>